"King Shark üëëü¶à Might do a series of the show‚Äôs characters! These take a lot of time, but they‚Äôre fun &amp; I really enjoy how they turn out.
.
.
.
.
.
#kingshark #harleyquinn #dccomics #drawing #procreate #ipad https://t.co/5kJ7oRGZVU","King Shark üëëÔøΩ  Might do a series of the show‚Äôs characters! These take a lot of time, but they‚Äôre fun &amp; I really enjoy how they turn out.
.
.
.
.
.
https://t.co/5kJ7oRGZVU",https://twitter.com/ashleymazac/status/1376327214858432516,ashleymazac,ipad,1616976953,0,82,1
"Help to fill a container! Radio Component is what you need.  #ipad #ipadgames #gameinsight","Help to fill a container! Radio Component is what you need. ",https://twitter.com/amos_helga/status/1376326904253399045,amos_helga,ipad,1616976879,0,1,1
"Help to fill a container! Cheese is what you need.  #gameinsight #ipad #ipadgames","Help to fill a container! Cheese is what you need. ",https://twitter.com/amos_helga/status/1376326781087707144,amos_helga,ipad,1616976850,0,1,1
"„ÄåKorean Idioms„Äç
Speaking #Korean on #iPad
https://t.co/8GP79xx6jJ
Learn 4 character #idioms, #language learning","„ÄåKorean Idioms„Äç Speaking on https://t.co/8GP79xx6jJ Learn 4 character , learning",https://twitter.com/joonoopenstory/status/1376326727564029952,joonoopenstory,ipad,1616976837,0,3823,1
"Study: July 5, 2019-6 #„Ç™„É™„Ç∏„Éä„É´ #pixiv #2019 #„Çπ„Ç±„ÉÉ„ÉÅ #Ââµ‰Ωú #Áøí‰Ωú #„Çâ„Åè„Åå„Åç #procreate #iPad https://t.co/6R3iDDmdBB https://t.co/W2CRCNi5N5","Study: July 5, 2019-6 #„Ç™„É™„Ç∏„Éä„É´ #„Çπ„Ç±„ÉÉ„ÉÅ #Ââµ‰Ωú #Áøí‰Ωú #„Çâ„Åè„Åå„Åç https://t.co/6R3iDDmdBB https://t.co/W2CRCNi5N5",https://twitter.com/mitchikeuchi/status/1376324048968318980,mitchikeuchi,ipad,1616976198,0,1154,1
"RT @RazDazThem: 1. Like/Retweet
2. Link Ur YT/Twitch
3. Click - https://t.co/qmalsw8ENA
#SupportSmallStreams
#SupportSmallStreamers
#twitch‚Ä¶","RT : 1. Like/Retweet
2. Link Ur YT/Twitch
3. Click - https://t.co/qmalsw8ENA
‚Ä¶",https://twitter.com/Streamer_Boost/status/1376321832635219969,Streamer_Boost,ipad,1616975670,5,18032,2
"RT @RazDazThem: 1. Like/Retweet
2. Link Ur YT/Twitch
3. Click - https://t.co/qmalsw8ENA
#SupportSmallStreams
#SupportSmallStreamers
#twitch‚Ä¶","RT : 1. Like/Retweet
2. Link Ur YT/Twitch
3. Click - https://t.co/qmalsw8ENA
‚Ä¶",https://twitter.com/GrowURStream/status/1376321417281671173,GrowURStream,ipad,1616975571,5,79162,2
"RT @ApplePromo: New 11"" 64GB WiFi+Cell #Apple #iPad Pros for $944 at #Amazon, $5 off, free ship, https://t.co/hQYLc7OLI6","RT : New 11"" 64GB WiFi+Cell Pros for $944 at , $5 off, free ship, https://t.co/hQYLc7OLI6",https://twitter.com/ApplePrediccion/status/1376320953081335810,ApplePrediccion,ipad,1616975460,1,104,1
"RT @1nsane_dev: Here is a detailed view of both the hardware interfaces. #AppleCollection #Apple #iPad #prototype https://t.co/CcWWAUPcz9","RT : Here is a detailed view of both the hardware interfaces. https://t.co/CcWWAUPcz9",https://twitter.com/hippy_system/status/1376319960767590400,hippy_system,ipad,1616975224,8,175,1
"New 11"" 64GB WiFi+Cell #Apple #iPad Pros for $944 at #Amazon, $5 off, free ship, https://t.co/hQYLc7OLI6","New 11"" 64GB WiFi+Cell Pros for $944 at , $5 off, free ship, https://t.co/hQYLc7OLI6",https://twitter.com/ApplePromo/status/1376319449331068928,ApplePromo,ipad,1616975102,1,546,1
"RT @AR72014: iPhone13 Concept v12 (based on iOS14 Orange Modd &amp; @EveryApplePro Leaks) #wallpaper for

- #iPhone12ProMax
- #iPhone12Pro
- #i‚Ä¶","RT : iPhone13 Concept v12 (based on iOS14 Orange Modd &amp; Leaks) for - - - ‚Ä¶",https://twitter.com/BrandNewMovieHD/status/1376314494255779843,BrandNewMovieHD,ipad,1616973920,30,13,1
"Try free #ipadgame Blob Clash 3D - xGame https://t.co/ahd0c3HzMb via @ukteamsocial #ipadgames #ipad https://t.co/CQ9hpp4miJ","Try free Blob Clash 3D - xGame https://t.co/ahd0c3HzMb via https://t.co/CQ9hpp4miJ",https://twitter.com/gamesforipad/status/1376312444205871104,gamesforipad,ipad,1616973432,0,2461,1
"RT @YasunoriArtist: my 1st 2nd  digital painting by iPad Pro  Mt.Fuji and Fudo MyooÔºàAcalaÔºâ#digitalpainting  #acala #fudomyoo #Buddhism #ach‚Ä¶","RT : my 1st 2nd digital painting by iPad Pro Mt.Fuji and Fudo MyooÔºàAcalaÔºâ‚Ä¶",https://twitter.com/ArtTalkHawaii/status/1376311902213525508,ArtTalkHawaii,ipad,1616973302,1,2347,1
"Wish iPad mini can get an update that means I can get apps #Apple #ipad","Wish iPad mini can get an update that means I can get apps ",https://twitter.com/CherylShawty3/status/1376311632553504779,CherylShawty3,ipad,1616973238,0,309,1
"Pic of the day!  #photography #photooftheday #photoshoot #photographer #photo #pictureoftheday #pic #picoftheday #picture #picedits #picedit #picediting #piceditor #snapshot #photoeditor #photoeditors #photoeditorpro #ipad #ipadart #saycheese #smile #smilemore #katelynmallone https://t.co/K8xSDijjgG","Pic of the day! https://t.co/K8xSDijjgG",https://twitter.com/KatelynMallone/status/1376311103970418688,KatelynMallone,ipad,1616973112,0,85,1
"RT @Sun_Creates: Selling my 10.2 7th gen iPad for $450! Comes with a case and a case with a keyboard and a Apple Pencil! It‚Äôs literally bra‚Ä¶","RT : Selling my 10.2 7th gen iPad for $450! Comes with a case and a case with a keyboard and a Apple Pencil! It‚Äôs literally bra‚Ä¶",https://twitter.com/HornedCatto/status/1376309288889638912,HornedCatto,ipad,1616972679,7,102,1
"RT @RazDazThem: 1. Like/Retweet
2. Link Ur YT/Twitch
3. Click - https://t.co/qmalsw8ENA
#SupportSmallStreams
#SupportSmallStreamers
#twitch‚Ä¶","RT : 1. Like/Retweet
2. Link Ur YT/Twitch
3. Click - https://t.co/qmalsw8ENA
‚Ä¶",https://twitter.com/researchmrx/status/1376308611727699968,researchmrx,ipad,1616972518,5,7039,1
"RT @RazDazThem: 1. Like/Retweet
2. Link Ur YT/Twitch
3. Click - https://t.co/qmalsw8ENA
#SupportSmallStreams
#SupportSmallStreamers
#twitch‚Ä¶","RT : 1. Like/Retweet
2. Link Ur YT/Twitch
3. Click - https://t.co/qmalsw8ENA
‚Ä¶",https://twitter.com/VrRetweeter/status/1376306591130062848,VrRetweeter,ipad,1616972036,5,1244,1
"Discover everything that we've learned thus far about the launching of the latest iPad Pro here: https://t.co/1D4qLa5e5K #ipad #ipadpro #apple #smallbusiness #smallbiz #atx #austintexas #wfh #wfhtips #techtips https://t.co/alEhw7XEMR","Discover everything that we've learned thus far about the launching of the latest iPad Pro here: https://t.co/1D4qLa5e5K https://t.co/alEhw7XEMR",https://twitter.com/parriedmsp/status/1376306106503335938,parriedmsp,ipad,1616971920,0,1165,1
"RT @GalleriaofArt: COOL PHONE CASES ONLINE

üëâüèªAPPLY ANY DESIGN TO OTHER BRAND CASES

üå∏https://t.co/C3SC3zYaAj

#iPhone #Apple #Smartphones‚Ä¶","RT : COOL PHONE CASES ONLINE üëâüèªAPPLY ANY DESIGN TO OTHER BRAND CASES üå∏https://t.co/C3SC3zYaAj ‚Ä¶",https://twitter.com/AppleEducate/status/1376305658560151553,AppleEducate,ipad,1616971814,152,493,1
"delightful and spunky #novel THE LONG WAY HOME https://t.co/UOK2mGHrhT #Amazon #kindlebooks #unlimited #iPad","delightful and spunky  THE LONG WAY HOME https://t.co/UOK2mGHrhT ",https://twitter.com/_CrossReads/status/1376305608576602114,_CrossReads,ipad,1616971802,0,3996,1
"1-st #furry art...
#furryart #digitalart #procreate #ipad https://t.co/plolzfFlep","1-st art... https://t.co/plolzfFlep",https://twitter.com/d_magnett/status/1376304454794891264,d_magnett,ipad,1616971527,0,0,1
"RT @Sun_Creates: Selling my 10.2 7th gen iPad for $450! Comes with a case and a case with a keyboard and a Apple Pencil! It‚Äôs literally bra‚Ä¶","RT : Selling my 10.2 7th gen iPad for $450! Comes with a case and a case with a keyboard and a Apple Pencil! It‚Äôs literally bra‚Ä¶",https://twitter.com/Bleodafi/status/1376304138754129920,Bleodafi,ipad,1616971451,7,2073,1
"RT @RazDazThem: 1. Like/Retweet
2. Link Ur YT/Twitch
3. Click - https://t.co/qmalsw8ENA
#SupportSmallStreams
#SupportSmallStreamers
#twitch‚Ä¶","RT : 1. Like/Retweet
2. Link Ur YT/Twitch
3. Click - https://t.co/qmalsw8ENA
‚Ä¶",https://twitter.com/stream_caster/status/1376303905227821056,stream_caster,ipad,1616971396,5,16609,2
"1. Like/Retweet
2. Link Ur YT/Twitch
3. Click - https://t.co/qmalsw8ENA
#SupportSmallStreams
#SupportSmallStreamers
#twitchStreamers
@BlazedRts

@GamerGrowth

#videogamesandconsoles
#VirtualReality
@YouTubeGaming

#Ipad #Game #Review‚Äã  #App‚Äã #Unboxing #SuperSlimeSimulator","1. Like/Retweet
2. Link Ur YT/Twitch
3. Click - https://t.co/qmalsw8ENA
‚Äã ‚Äã ",https://twitter.com/RazDazThem/status/1376303882951929857,RazDazThem,ipad,1616971390,5,409,1
"RT @GalleriaofArt: COOL PHONE CASES ONLINE

üëâüèªAPPLY ANY DESIGN TO OTHER BRAND CASES

üå∏https://t.co/C3SC3zYaAj

#iPhone #Apple #Smartphones‚Ä¶","RT : COOL PHONE CASES ONLINE üëâüèªAPPLY ANY DESIGN TO OTHER BRAND CASES üå∏https://t.co/C3SC3zYaAj ‚Ä¶",https://twitter.com/LARideShareGuy/status/1376302113408569344,LARideShareGuy,ipad,1616970968,152,1351,1
"It‚Äôs Sunday! ü§ó So, for no other good reason, here‚Äôs a fun Latin-inspired #1564Challenge with #GarageBand for #iPad based around some of my favourite loops! üé∂ üé∑ü™ò
#AppleEDUchat #EveryoneCanCreate #AppleTeacher https://t.co/9Rmh2ws6Dj","It‚Äôs Sunday! ü§ó So, for no other good reason, here‚Äôs a fun Latin-inspired with for based around some of my favourite loops! ÔøΩ  üé∑ü™ò https://t.co/9Rmh2ws6Dj",https://twitter.com/_ehughes_/status/1376301506681577475,_ehughes_,ipad,1616970824,0,4799,1
"Check out what I‚Äôm selling on Mercari! Apple iPad 9.7"" Keyboard Case New!
#Apple #iPad #Keyboard #Case #iPadKeyboardCase #iPadCase #iPadPro #6thGen #5thGen #iPadAir #KeyboardCase #Colorful #BacklitKeys

https://t.co/Iep9kYNssl","Check out what I‚Äôm selling on Mercari! Apple iPad 9.7"" Keyboard Case New! https://t.co/Iep9kYNssl",https://twitter.com/PacificRpm/status/1376300762750283776,PacificRpm,ipad,1616970646,0,256,1
"How to use #AppleCash to send or request money through a text message on your #iPhone or #iPad

https://t.co/1Yab1OFc5E https://t.co/p4GC3MwYM7","How to use to send or request money through a text message on your or https://t.co/1Yab1OFc5E https://t.co/p4GC3MwYM7",https://twitter.com/BiIndia/status/1376300567958552576,BiIndia,ipad,1616970600,0,95712,2
"RT @GalleriaofArt: COOL PHONE CASES ONLINE

üëâüèªAPPLY ANY DESIGN TO OTHER BRAND CASES

üå∏https://t.co/C3SC3zYaAj

#iPhone #Apple #Smartphones‚Ä¶","RT : COOL PHONE CASES ONLINE üëâüèªAPPLY ANY DESIGN TO OTHER BRAND CASES üå∏https://t.co/C3SC3zYaAj ‚Ä¶",https://twitter.com/miceears/status/1376300252647583744,miceears,ipad,1616970525,152,3111,1
"RT @GalleriaofArt: COOL PHONE CASES ONLINE

üëâüèªAPPLY ANY DESIGN TO OTHER BRAND CASES

üå∏https://t.co/C3SC3zYaAj

#iPhone #Apple #Smartphones‚Ä¶","RT : COOL PHONE CASES ONLINE üëâüèªAPPLY ANY DESIGN TO OTHER BRAND CASES üå∏https://t.co/C3SC3zYaAj ‚Ä¶",https://twitter.com/ArtRetail/status/1376299697208459270,ArtRetail,ipad,1616970392,152,247,1
"Just spent 30 minutes on a video call with Mum in Cincinnati using her @Apple #ipad and me on my #iphone in Auckland, NZ, trying to troubleshoot her internet connection on her #desktopcomputer from about 2005...ah, technology","Just spent 30 minutes on a video call with Mum in Cincinnati using her and me on my in Auckland, NZ, trying to troubleshoot her internet connection on her from about 2005...ah, technology",https://twitter.com/jenmkirch/status/1376297894353928196,jenmkirch,ipad,1616969963,0,350,1
"RT @iPodDealz: New 12"" 1TB WiFi+Cell  #Apple #iPad Pros for $1579 at Amazon, $120 off. Free ship. https://t.co/88OBeeIjzr","RT : New 12"" 1TB WiFi+Cell Pros for $1579 at Amazon, $120 off. Free ship. https://t.co/88OBeeIjzr",https://twitter.com/AppleRetweetBot/status/1376295000233893890,AppleRetweetBot,ipad,1616969273,1,275,1
"New 12"" 1TB WiFi+Cell  #Apple #iPad Pros for $1579 at Amazon, $120 off. Free ship. https://t.co/88OBeeIjzr","New 12"" 1TB WiFi+Cell Pros for $1579 at Amazon, $120 off. Free ship. https://t.co/88OBeeIjzr",https://twitter.com/iPodDealz/status/1376293168048697354,iPodDealz,ipad,1616968836,1,787,1
"RT @Sun_Creates: Selling my 10.2 7th gen iPad for $450! Comes with a case and a case with a keyboard and a Apple Pencil! It‚Äôs literally bra‚Ä¶","RT : Selling my 10.2 7th gen iPad for $450! Comes with a case and a case with a keyboard and a Apple Pencil! It‚Äôs literally bra‚Ä¶",https://twitter.com/Ishamarus/status/1376293158003310592,Ishamarus,ipad,1616968833,7,278,1
"RT @Sun_Creates: Selling my 10.2 7th gen iPad for $450! Comes with a case and a case with a keyboard and a Apple Pencil! It‚Äôs literally bra‚Ä¶","RT : Selling my 10.2 7th gen iPad for $450! Comes with a case and a case with a keyboard and a Apple Pencil! It‚Äôs literally bra‚Ä¶",https://twitter.com/BrinaPaw/status/1376293119205969926,BrinaPaw,ipad,1616968824,7,126,1
"Which app is best when you‚Äôre taking class notes or jotting reminders down on your iPad?
üëÄ
We‚Äôre taking DEEP DIVE into @noteshelf on our new @youtube vid.
üëá
https://t.co/Zm8glEuixn

#noteshelf #notetaking #notes #ipad #techreview #apps #bestapps #productivity #students https://t.co/RbLEke9F1n","Which app is best when you‚Äôre taking class notes or jotting reminders down on your iPad? üëÄ
We‚Äôre taking DEEP DIVE into on our new vid.
üëá
https://t.co/Zm8glEuixn https://t.co/RbLEke9F1n",https://twitter.com/paperlike/status/1376293090525335556,paperlike,ipad,1616968817,0,2145,1
"Apple iPad mini Price Tracker, real-time prices and sales #ipad #apple #ipadmini https://t.co/mI3T4p3px2","Apple iPad mini Price Tracker, real-time prices and sales https://t.co/mI3T4p3px2",https://twitter.com/maccoupons/status/1376293061081317386,maccoupons,ipad,1616968810,0,1029,1
"RT @Sun_Creates: Selling my 10.2 7th gen iPad for $450! Comes with a case and a case with a keyboard and a Apple Pencil! It‚Äôs literally bra‚Ä¶","RT : Selling my 10.2 7th gen iPad for $450! Comes with a case and a case with a keyboard and a Apple Pencil! It‚Äôs literally bra‚Ä¶",https://twitter.com/catdemon21/status/1376292801265156099,catdemon21,ipad,1616968748,7,145,1
"RT @Sun_Creates: Selling my 10.2 7th gen iPad for $450! Comes with a case and a case with a keyboard and a Apple Pencil! It‚Äôs literally bra‚Ä¶","RT : Selling my 10.2 7th gen iPad for $450! Comes with a case and a case with a keyboard and a Apple Pencil! It‚Äôs literally bra‚Ä¶",https://twitter.com/ollieisaphantom/status/1376292741416685569,ollieisaphantom,ipad,1616968734,7,142,1
"RT @Sun_Creates: Selling my 10.2 7th gen iPad for $450! Comes with a case and a case with a keyboard and a Apple Pencil! It‚Äôs literally bra‚Ä¶","RT : Selling my 10.2 7th gen iPad for $450! Comes with a case and a case with a keyboard and a Apple Pencil! It‚Äôs literally bra‚Ä¶",https://twitter.com/cxtcvlt/status/1376292601641459713,cxtcvlt,ipad,1616968701,7,4762,1
"Selling my 10.2 7th gen iPad for $450! Comes with a case and a case with a keyboard and a Apple Pencil! It‚Äôs literally brand new I only bought it a few months ago!

Rt please!
#ipad #selling #apple https://t.co/MTOoi6eNWj","Selling my 10.2 7th gen iPad for $450! Comes with a case and a case with a keyboard and a Apple Pencil! It‚Äôs literally brand new I only bought it a few months ago! Rt please! https://t.co/MTOoi6eNWj",https://twitter.com/Sun_Creates/status/1376292252528484356,Sun_Creates,ipad,1616968617,7,1416,1
"@Apple

Frequent Updates are killing watch memory üò°

releases #iPhone, #iPad, and #Watch security patches for zero-day bug under active attack ‚Äì @TechCrunch

https://t.co/5cSrnup6oM","Frequent Updates are killing watch memory üò° releases , , and security patches for zero-day bug under active attack ‚Äì https://t.co/5cSrnup6oM",https://twitter.com/Juzly/status/1376292075742765057,Juzly,ipad,1616968575,0,66,1
"RT @mcoutts81: Activate. Explore. Apply. Introducing #AppleTeacher Portfolio - a new 10 part process that helps you build a collection of l‚Ä¶","RT : Activate. Explore. Apply. Introducing Portfolio - a new 10 part process that helps you build a collection of l‚Ä¶",https://twitter.com/jbibbsfox/status/1376291177238982656,jbibbsfox,ipad,1616968361,28,695,1
"my 1st 2nd  digital painting by iPad Pro  Mt.Fuji and Fudo MyooÔºàAcalaÔºâ#digitalpainting  #acala #fudomyoo #Buddhism #achala #iPad #art  #artontwitter #ArtistOnTwitter #painting #fujisan #tablet #drawing #illustration #digitalart #drawing https://t.co/Y2wqBWyGCN","my 1st 2nd digital painting by iPad Pro Mt.Fuji and Fudo MyooÔºàAcalaÔºâhttps://t.co/Y2wqBWyGCN",https://twitter.com/YasunoriArtist/status/1376290007581818881,YasunoriArtist,ipad,1616968082,1,83,1
"2020 12"" #Apple #iPad Pros up to $150 off MSRP at #Amazon, free ship: https://t.co/4u25lmNTFc","2020 12"" Pros up to $150 off MSRP at , free ship: https://t.co/4u25lmNTFc",https://twitter.com/Apple_at_Amazon/status/1376289254175870978,Apple_at_Amazon,ipad,1616967903,0,122,1
"RT @AsiaLadowska: I coloured one of my postcard sketches on #ipad in #procreate while traveling and struggling with life in general ‚ú®
_
htt‚Ä¶","RT : I coloured one of my postcard sketches on in while traveling and struggling with life in general ‚ú®
_
htt‚Ä¶",https://twitter.com/Nora_Beau_2/status/1376288630935801856,Nora_Beau_2,ipad,1616967754,59,2,1
"New 12"" 512GB WiFi+Cell #Apple #iPad Pros for $1349 at #Amazon, $100 off. Free ship. https://t.co/3YSCfSSjRn","New 12"" 512GB WiFi+Cell Pros for $1349 at , $100 off. Free ship. https://t.co/3YSCfSSjRn",https://twitter.com/iPodDealz/status/1376282960899477505,iPodDealz,ipad,1616966402,0,787,1
"RT @AbutoraArt: Shiftry Sketch
Sketch#: 267
Device used: @Apple iPad (2018) &amp; Apple Pencil1
App:Sketches by @Tayasui_apps
YT: Abutora
IG:‚Ä¶","RT : Shiftry Sketch
Sketch#: 267
Device used: iPad (2018) &amp; Apple Pencil1
App:Sketches by YT: Abutora
IG:‚Ä¶",https://twitter.com/MeowsticZorrito/status/1376281471686737938,MeowsticZorrito,ipad,1616966047,1,80,1
"Shiftry Sketch
Sketch#: 267
Device used: @Apple iPad (2018) &amp; Apple Pencil1
App:Sketches by @Tayasui_apps
YT: Abutora
IG: @abutora_art
#Apple #pencil #art #drawing #sketch #pokemon #pikachu #anime #ipad #Shiftry #grass #dark #tree #yokai #made_in_sketches #legend #kabuki #nose https://t.co/Zcspi6meCb","Shiftry Sketch
Sketch#: 267
Device used: iPad (2018) &amp; Apple Pencil1
App:Sketches by YT: Abutora
IG: https://t.co/Zcspi6meCb",https://twitter.com/AbutoraArt/status/1376280645949911041,AbutoraArt,ipad,1616965850,0,12,1
"Shiftry Sketch
Sketch#: 267
Device used: @Apple iPad (2018) &amp; Apple Pencil1
App:Sketches by @Tayasui_apps
YT: Abutora
IG: @abutora_art
#Apple #pencil #art #drawing #sketch #pokemon #pikachu #anime #ipad #Shiftry #grass #dark #tree #yokai #made_in_sketches #legend #kabuki #nose https://t.co/2E7FMcATNt","Shiftry Sketch
Sketch#: 267
Device used: iPad (2018) &amp; Apple Pencil1
App:Sketches by YT: Abutora
IG: https://t.co/2E7FMcATNt",https://twitter.com/AbutoraArt/status/1376280624454045697,AbutoraArt,ipad,1616965845,1,12,1
"RT @OnBuy: The lucky winner will be announced on Monday 29th March and will be contacted via DM. Good luck everyone! üôå

#OnBuy #iPad #Apple‚Ä¶","RT : The lucky winner will be announced on Monday 29th March and will be contacted via DM. Good luck everyone! üôå ‚Ä¶",https://twitter.com/Poppybish/status/1376275892972978181,Poppybish,ipad,1616964717,3,849,1
"RT @Apple_at_Amazon: 2020 11""  #Apple #iPad Pros for up to $150 off MSRP at #Amazon, free ship: https://t.co/42kWZ7J5DA","RT : 2020 11"" Pros for up to $150 off MSRP at , free ship: https://t.co/42kWZ7J5DA",https://twitter.com/ApplePrediccion/status/1376275684805505031,ApplePrediccion,ipad,1616964667,1,104,1
"RT @iPodDealz: New 12"" 256GB WiFi+Cell #Apple #iPad Pros for $1199 at #Amazon, That's $50 off. Free ship. https://t.co/CeUsw6jvax","RT : New 12"" 256GB WiFi+Cell Pros for $1199 at , That's $50 off. Free ship. https://t.co/CeUsw6jvax",https://twitter.com/ApplePrediccion/status/1376275667445280776,ApplePrediccion,ipad,1616964663,1,104,1
"2020 11""  #Apple #iPad Pros for up to $150 off MSRP at #Amazon, free ship: https://t.co/42kWZ7J5DA","2020 11"" Pros for up to $150 off MSRP at , free ship: https://t.co/42kWZ7J5DA",https://twitter.com/Apple_at_Amazon/status/1376275409994670081,Apple_at_Amazon,ipad,1616964602,1,122,1
"New 12"" 256GB WiFi+Cell #Apple #iPad Pros for $1199 at #Amazon, That's $50 off. Free ship. https://t.co/CeUsw6jvax","New 12"" 256GB WiFi+Cell Pros for $1199 at , That's $50 off. Free ship. https://t.co/CeUsw6jvax",https://twitter.com/iPodDealz/status/1376275409931792397,iPodDealz,ipad,1616964602,1,787,1
"RT @etalabel: A year ago, when we still hoped the virus won't come, I composed a few #ambient #ipad improvisations and tracks. Here is one‚Ä¶","RT : A year ago, when we still hoped the virus won't come, I composed a few improvisations and tracks. Here is one‚Ä¶",https://twitter.com/ScarlessArms/status/1376274705871728643,ScarlessArms,ipad,1616964434,1,858,1
"Mashiro moritaka In a band would rock ü§©ü§© #mashiro #moritaka #fanart #bakuman #manga #anime #mashiromoritakafanart #mashirofanart #ipad #applepen https://t.co/kP4DjJ2QVy","Mashiro moritaka In a band would rock ü§©ü§© https://t.co/kP4DjJ2QVy",https://twitter.com/indie_grungge/status/1376274190127529984,indie_grungge,ipad,1616964311,0,3,1
"How to Create NFTs for free on your iPhone or iPad

https://t.co/0JElwiflGl

#nft #nfts #iphone #ipad #digitalart #digitalasset #forfree","How to Create NFTs for free on your iPhone or iPad https://t.co/0JElwiflGl ",https://twitter.com/RobDawg5/status/1376273577629126658,RobDawg5,ipad,1616964165,0,730,1
"She really is a cutie ü•∞
#cute #animation #girl #Apple #art #artist #ArtistOnTwitter #design #artshare #artwork #Colors #digital #digitalart #digitalartwork #drawing #illustration #Illustrations #Illustrator #ipad #iPadPro #procreate #procreateart #sketch https://t.co/b5iY6jNVAf","She really is a cutie ü•∞ https://t.co/b5iY6jNVAf",https://twitter.com/maddie_vamp/status/1376272230221557760,maddie_vamp,ipad,1616963844,1,6,1
"Hehehe fist time animating not to bad
#animation #gif #Apple #art #artist #ArtistOnTwitter #artistsontwitter #artshare #artwork #Colors #conceptart #digital #digitalart #digitalartwork #drawing #illustration #Illustrator #Illustrations #ipad #iPadPro #procreate #procreateart https://t.co/fGEl28zReK","Hehehe fist time animating not to bad
https://t.co/fGEl28zReK",https://twitter.com/maddie_vamp/status/1376271340064407555,maddie_vamp,ipad,1616963632,1,6,1
"RT @maddie_vamp: I don‚Äôt even know what I‚Äôm doing
#Apple #art #Colors #conceptart #artist #ArtistOnTwitter #artistsontwitter #artshare #ar‚Ä¶","RT : I don‚Äôt even know what I‚Äôm doing ‚Ä¶",https://twitter.com/SketchRetweets/status/1376270764312264710,SketchRetweets,ipad,1616963494,1,1464,1
"I don‚Äôt even know what I‚Äôm doing
#Apple #art #Colors #conceptart #artist #ArtistOnTwitter #artistsontwitter #artshare #artwork #comics #conceptart #digital #digitalart #digitalartwork #drawing #illustration #Illustrator #ipad #iPadPro #procreate #procreateart #sketch #dragons https://t.co/hdq5OBxATW","I don‚Äôt even know what I‚Äôm doing https://t.co/hdq5OBxATW",https://twitter.com/maddie_vamp/status/1376270541779263497,maddie_vamp,ipad,1616963441,1,6,1
"Setting up my new computer...
#computers #apple #tablets #iPadAir4 #iPad

https://t.co/bGvmtipux0","Setting up my new computer...
https://t.co/bGvmtipux0",https://twitter.com/OldMacNewLife1/status/1376269865523146752,OldMacNewLife1,ipad,1616963280,0,16,1
"A year ago, when we still hoped the virus won't come, I composed a few #ambient #ipad improvisations and tracks. Here is one of them. Chill out and please Subscribe to my channel of you feel like getting some new ambient music sometimes
https://t.co/oB9zbquzM0","A year ago, when we still hoped the virus won't come, I composed a few improvisations and tracks. Here is one of them. Chill out and please Subscribe to my channel of you feel like getting some new ambient music sometimes
https://t.co/oB9zbquzM0",https://twitter.com/etalabel/status/1376269681800192004,etalabel,ipad,1616963236,1,1076,1
"As Luck Would Have It: An #Indie Success Story #PublishersWeekly 2020 #AwardWinning #IndieAuthor https://t.co/2jZgUDjBM4 #Nook #Kobo  #iBook #iPad #Kindle #BooksBooksBooks #RT","As Luck Would Have It: An Success Story 2020 https://t.co/2jZgUDjBM4 ",https://twitter.com/DahgMahn/status/1376269640524005377,DahgMahn,ipad,1616963226,0,201944,2
"Really shouldn‚Äôt start things like this at this time of night!
#ipad https://t.co/Hy284IwpDA","Really shouldn‚Äôt start things like this at this time of night!
https://t.co/Hy284IwpDA",https://twitter.com/thenortherndad/status/1376268780586868738,thenortherndad,ipad,1616963021,0,950,1
"Worth every penny on #iPad, Learn about #breeds of dogs
https://t.co/EO7XRETSRe „ÄåAll Breeds of Dogs„Äç","Worth every penny on , Learn about of dogs https://t.co/EO7XRETSRe „ÄåAll Breeds of Dogs„Äç",https://twitter.com/joonoopenstory/status/1376266297982418944,joonoopenstory,ipad,1616962429,0,3823,1
"Patch for a web browser security flaw in iOS released today.  Even for iPhone 5s (how‚Äôs that for service people?).  Please update your iOS device right away (iPad‚Äôs to iPhones). #ios #iphone #ipad

https://t.co/KJAXKVSFOo","Patch for a web browser security flaw in iOS released today. Even for iPhone 5s (how‚Äôs that for service people?). Please update your iOS device right away (iPad‚Äôs to iPhones). https://t.co/KJAXKVSFOo",https://twitter.com/JustMikeTwo/status/1376262418632957952,JustMikeTwo,ipad,1616961504,0,40,1
"RT @ApplePromo: New 11"" 1TB WiFi #Apple #iPad Pros for $1249 at #Amazon. $50 off. Free ship. https://t.co/U8b8G28b6E","RT : New 11"" 1TB WiFi Pros for $1249 at . $50 off. Free ship. https://t.co/U8b8G28b6E",https://twitter.com/ApplePrediccion/status/1376260512321830913,ApplePrediccion,ipad,1616961050,1,104,1
"New 11"" 1TB WiFi #Apple #iPad Pros for $1249 at #Amazon. $50 off. Free ship. https://t.co/U8b8G28b6E","New 11"" 1TB WiFi Pros for $1249 at . $50 off. Free ship. https://t.co/U8b8G28b6E",https://twitter.com/ApplePromo/status/1376260309749497858,ApplePromo,ipad,1616961002,1,546,1
"When did @Apple disable #iTunes for #1stGen #iPad? Used to listed to #podcasts on it now I can't. Thank goodness for #Windows &amp; #Microsoft, I can listen to @errollouis podcast with @RayForMayor #NYC.","When did disable for ? Used to listed to on it now I can't. Thank goodness for &amp; , I can listen to podcast with .",https://twitter.com/PolSciEconSalsa/status/1376260099589746692,PolSciEconSalsa,ipad,1616960952,0,496,1
"Leaked CAD images show 'new #iPad Pro models'","Leaked CAD images show 'new Pro models'",https://twitter.com/JennyCollins95/status/1376260029993656322,JennyCollins95,ipad,1616960935,0,1487,1
"RT @HOS_HouseOS: Voice Assisted Tutorial included with every HOS #SmartHome product on #AppleTV, #iPhone, #iPad and #Control Multiple House‚Ä¶","RT : Voice Assisted Tutorial included with every HOS product on , , and Multiple House‚Ä¶",https://twitter.com/coder_487/status/1376259065936969728,coder_487,ipad,1616960705,1,1557,1
"New 12"" 64GB WiFi+Cell #Apple #iPad Pros for $1149 at #Amazon, $5 off. Free ship, https://t.co/YNjaXuaJbs","New 12"" 64GB WiFi+Cell Pros for $1149 at , $5 off. Free ship, https://t.co/YNjaXuaJbs",https://twitter.com/iPodDealz/status/1376259062367719430,iPodDealz,ipad,1616960704,0,787,1
"My hairband just died, so i gave it a new life.
#ipad #reuse https://t.co/FfqR4uRzR5","My hairband just died, so i gave it a new life.
https://t.co/FfqR4uRzR5",https://twitter.com/AyaCica/status/1376258332235825159,AyaCica,ipad,1616960530,0,14,1
"Voice Assisted Tutorial included with every HOS #SmartHome product on #AppleTV, #iPhone, #iPad and #Control Multiple Houses from Mobile. #Apple #HomeKit #digitalSTROM #KNX #IP #DDC #PLC #iOS #TvOS #enOcean #SONOS #iRtrans #Hue #DIY‚Ä¶https://t.co/L0Q9qVqc1w https://t.co/r2iaUE7h3C","Voice Assisted Tutorial included with every HOS product on , , and Multiple Houses from Mobile. ‚Ä¶https://t.co/L0Q9qVqc1w https://t.co/r2iaUE7h3C",https://twitter.com/HOS_HouseOS/status/1376257912348282892,HOS_HouseOS,ipad,1616960430,1,2888,1
"RT @AR72014: iPhone13 Concept v12 (based on iOS14 Orange Modd &amp; @EveryApplePro Leaks) #wallpaper for

- #iPhone12ProMax
- #iPhone12Pro
- #i‚Ä¶","RT : iPhone13 Concept v12 (based on iOS14 Orange Modd &amp; Leaks) for - - - ‚Ä¶",https://twitter.com/LeoS2798/status/1376257822883606532,LeoS2798,ipad,1616960409,30,13,1
"RT @buppycoree: Perspective is wack but
RAWR :3 UWU
#art #digitalart #furry #furryart #furryfandom #procreate #ipad #artistsontwitter #arts‚Ä¶","RT : Perspective is wack but
RAWR :3 UWU
‚Ä¶",https://twitter.com/FurryHelpers/status/1376256939777220615,FurryHelpers,ipad,1616960198,1,1879,1
"Playing around with this style and gearing up for #36daysoftype #handlettering #Procreate #iPad https://t.co/JVVbCYj2Jx","Playing around with this style and gearing up for https://t.co/JVVbCYj2Jx",https://twitter.com/adrianDalexis/status/1376256591599710216,adrianDalexis,ipad,1616960115,0,72,1
"Perspective is wack but
RAWR :3 UWU
#art #digitalart #furry #furryart #furryfandom #procreate #ipad #artistsontwitter #artshare #wolf #dog #cute https://t.co/gCdlmUvbWc","Perspective is wack but
RAWR :3 UWU
https://t.co/gCdlmUvbWc",https://twitter.com/buppycoree/status/1376256041919377412,buppycoree,ipad,1616959984,1,35,1
"Hurray! I have finished ""Breaking News!"" task  in Big Business HD for iPad!  #gameinsight #ipad #ipadgames","Hurray! I have finished ""Breaking News!"" task in Big Business HD for iPad! ",https://twitter.com/renee_metts/status/1376255941033795585,renee_metts,ipad,1616959960,0,5,1
"RT @1nsane_dev: Here is a detailed view of both the hardware interfaces. #AppleCollection #Apple #iPad #prototype https://t.co/CcWWAUPcz9","RT : Here is a detailed view of both the hardware interfaces. https://t.co/CcWWAUPcz9",https://twitter.com/mcoutts81/status/1376254171981221889,mcoutts81,ipad,1616959538,8,5595,1
"The next iPad Pro could have a Thunderbolt port https://t.co/Ily3yELf58 Report claims Mini LED is in the works, too #Tech #apple #Bloomberg #ipad #ipadpro #MarkGurman https://t.co/rhHfqOoo6w","The next iPad Pro could have a Thunderbolt port https://t.co/Ily3yELf58 Report claims Mini LED is in the works, too https://t.co/rhHfqOoo6w",https://twitter.com/OpenStudios1/status/1376253349897465857,OpenStudios1,ipad,1616959342,0,84,1
,,,,ipad,,,,1